,Filename,Sentences_separated
0,Wizard-Lesson 1-01.wma,"WIZARD Book 3 Conversation
Lesson 1
-separator-
Did the boy pay one dollar for the paper at the newsstand?
Yes, he did. He paid one dollar for the paper at the newsstand.
No, he didn't. He didn't pay one dollar for the paper at the newsstand.
-separator-
Did the secretary put the document on the table?
No, she didn't. She didn't put the document on the table.
-separator-
Did you access the information from the computer?
Yes, I did. I accessed the information from the computer.
-separator-
Did your mom do her Christmas shopping early this year?
Yes, she did. She did her Christmas shopping early this year.
No, she didn't. She didn't do her Christmas shopping early this year.
-separator-
Did they eat Brazilian food at the restaurant?
No, they didn't. They didn't eat Brazilian food at the restaurant.
-separator-
Is your sister doing her homework in her bedroom?
Yes, she is. She is doing her homework in her bedroom.
No, she isn't. She isn't doing her homework in her bedroom.
-separator-
Are the children playing in the snow?
Yes, they are. They are playing in the snow.
No, they aren't. They aren't playing in the snow.
-separator-
Is your son putting the toys in the room?
Yes, he is. He is putting the toys in the room.
No, he isn't. He isn't putting the toys in the room.
-separator-
Is Jane accessing her email every day?
Yes, she is. She is accessing her email every day.
No, she isn't. She isn't accessing her email every day.
-separator-
Is the man paying for the groceries?
Yes, he is. He is paying for the groceries.
No, he isn't. He is not paying for the groceries."
1,Wizard-Lesson 10-10.wma,"WIZARD Book 3 Conversation
Lesson 10
-separator-
Is he younger or older than her?
He is younger than her.
-separator-
How old do you think she is?
I think she's 40.
-separator-
What were they doing there?
I think they were checking their emails.
-separator-
Who is the youngest in your class?
I think Karen is the youngest.
-separator-
Who is the oldest student in your class?
I think Mark is the oldest.
-separator-
What is the most difficult class in school?
I think it's math.
-separator-
What is the easiest class in school?
I think it's English.
-separator-
When is the best time for us to go there?
What about 10 o'clock?
-separator-
What is the fastest car that you know?
What about a Porsche?
-separator-
What is the largest state in the US?
What about California?"
2,Wizard-Lesson 11-11.wma,"WIZARD Book 3 Conversation
Lesson 11
-separator-
Where does he come from?
I think he comes from England.
I don't think he comes from England.
-separator-
Where do they come from?
I think they come from Italy.
I don't think they come from Italy.
-separator-
Do you know where she comes from?
I think she comes from New York.
-separator-
Do you know where he comes from?
I think he comes from Utah.
-separator-
Where are they from?
I think they are from Germany.
-separator-
Where is she from?
I think she's from Spain.
-separator-
Do you think adolescents drive too fast?
I think they do.
But some adolescents don't drive too fast.
-separator-
Do you think the online course is too expensive?
I think it is, but some online courses are not too expensive.
-separator-
Do you think it's too cold to play in the snow?
I think it is.
But I don't think it's too cold to play in the snow.
-separator-
Do you think the test was too difficult?
I think it was.
But I don't think the test was too difficult for the students."
3,Wizard-Lesson 12-12.wma,"Conversation  Lesson 12  
-separator-  
She put her sunglasses in her purse.  
How do you know that she put them in her purse?  
I saw her putting them in her purse.  

-separator-  
He took a shuttle to the airport.  
How do you know that he took a shuttle to the airport.  
How do you know that he took a shuttle?  
I saw him taking the shuttle.  

-separator-  
She is afraid to travel by plane.  
How do you know that?  
Because she always travels by train.  

-separator-  
The secretary left the office a few minutes ago.  
How do you know that?  
I saw her leaving the office.  

-separator-  
He sent the document by email.  

-separator-  
She is too tired to exercise today.  
How do you know that she's too tired?  
She worked till late last night.  

-separator-  
This job is too big for her.  
How do you know this job is too big for her?  
Because she never worked in this department before.  

-separator-  
She is too busy to go to the party tonight.  
How do you know that she's too busy tonight?  
Because she has a test at school.  

-separator-  
She's too young to go out late at night.  
Why do you say she is too young?  
She's only 14 years old.  

-separator-  
He is too sick to go to work.  
Why do you say he is too sick to go to work?  
Because he was in bed yesterday.  "
4,Wizard-Lesson 13-13.wma,"Conversation  Lesson 13
-separator-
He invited Sandy to the movies, but she didn't go. What's the matter with her?
I think she's too busy.
-separator-
I called him, but nobody answered the phone. What's the matter with his phone?
I think he's too busy. I called him but nobody answered the phone. What's the matter with his phone?
I think nobody was home.
-separator-
He stayed in bed all day. What's the matter with him?
I think he has a fever.
-separator-
She waited for him, but he didn't come. What's the matter with him?
I think he had to travel.
-separator-
Mr. Wilson's belt buckle is too big. Who bought it for him? It was a gift. The belt buckle is too big. Who bought it for him? It was a gift.
-separator-
Bob's driver's license was in his wallet. How do you know that? I saw him putting it in the wallet.
-separator-
I forgot to go to Ann's birthday party. How did you forget her birthday?
I don't know how I forgot.
-separator-
I forgot where the president's office is. How did you forget that?
I don't know how I forgot.
-separator-
I forgot to bring Sarah's blouse. How did you forget it?
I left it in my car.
-separator-
I forgot her email address. How did you forget it?
I don't know why, but I never remember it."
5,Wizard-Lesson 14-14.wma,"Conversation Lesson 14
-separator-
She left her laptop in the car.
Are you sure she did that?
Yes, I am. She left her laptop in the car.
-separator-
There is a new message for you on your computer.
Are you sure of that?
Yes, I am. I saw it on your computer.
Are you sure of that? Yes, I am. I saw it on your computer.
-separator-
She invited all her friends to the birthday party.
Are you sure she did?
Yes, I am. She invited all her friends to the birthday party.
-separator-
The package arrived at his house yesterday.
Are you sure of that?
Yes, I am. The package arrived at his house yesterday.
-separator-
She gave her boyfriend a kiss.
Are you sure she did?
Yes, I am. She gave her boyfriend a kiss.
-separator-
His computer is not working.
Are you sure it's not working?
Yes, I am. His computer is not working.
-separator-
Amy's parents call her every Sunday.
Are you sure they call her?
Yes, I am. Amy's parents call her every Sunday.
-separator-
The school's cafeteria is full of students.
Are you sure it is?
Yes, I am. The school's cafeteria is full of students.
-separator-
John's teacher gave him lots of homework.
Are you sure he did?
Yes, I am. John's teacher gave him lots of homework.
-separator-
My brother's wallet is empty.
Are you sure it is?
Yes, I am. My brother's wallet is empty."
6,Wizard-Lesson 14-14.wma,"Conversation  Lesson 14
-separator-
She left her laptop in the car.
Are you sure she did that?
Yes, I am.
-separator-
There is a new message for you on your computer.
Are you sure of that?
Yes, I am. I saw it on your computer.
-separator-
Are you sure of that?
Yes I am.
I saw it on your computer.
-separator-
She invited all her friends to the birthday party.
Are you sure she did?
Yes I am.
I was with her when she invited them.
-separator-
The package arrived at his house yesterday.
Are you sure of that?
Yes, I am. I was at his house when it arrived.
-separator-
She gave her boyfriend a kiss.
Are you sure she did?
Yes, I am. I saw them.
-separator-
His computer is not working.
Are you sure it's not working?
Yes, I am. I was using it when it stopped working.
-separator-
Amy's parents call her every Sunday.
Are you sure they call her?
Yes, I am. I always see them calling her.
-separator-
The school's cafeteria is full of students.
Are you sure it is?
Yes, I am. I just came from there.
-separator-
John's teacher gave him lots of homework.
Are you sure he did?
Yes, I am. He always gives him lots of homework.
-separator-
My brother's wallet is empty.
Are you sure it is?
Yes, I am. I just saw it."
7,Wizard-Lesson 15-15.wma,"Lesson 15
-separator-
There's an employee standing by the door.
Who is he? He's the new driver.
-separator-
There is a picture of the family in the living room.
Who took that picture? Suited with her new digital camera.
-separator-
There's somebody waiting for you.
Who is waiting for you? I think it's your new teacher.
-separator-
There's a camera in the backpack.
Who put it there? I think Sam did.
-separator-
There is a document in the briefcase.
Who put it there? I saw the secretary putting it in the briefcase.
-separator-
There was a lock on the garage door.
Who put the lock on the garage door? I think it was the housekeeper.
-separator-
There was a cake in the refrigerator.
Who made the cake? My mom did.
-separator-
There was a student in the classroom.
Who was he? He was the teacher's son.
-separator-
There was a woman in the meeting.
Who was she? She is the new bank manager.
-separator-
There was an ad in the newspaper.
Who put this ad in the paper? James did."
8,Wizard-Lesson 16-16.wma,"Conversation Lesson 16
-separator-
Is there a padlock on the motorcycle?
Yes, there is.
But I don't think there is.
-separator-
Do you know if there is snow outside?
I think there is.
I don't think there is.
I don't think there is.
-separator-
Is there a lock on the suitcase?
Yes, I think there is.
Sorry, I just saw it and there isn't.
-separator-
Is there soap in the bathroom?
Yes, I think there is.
Sorry, I was just there and there isn't.
-separator-
Is there a solution to this problem?
I am sure there is a solution.
I am afraid there isn't a solution to this problem.
I am afraid there isn't a solution to this problem.
-separator-
Was there an email on the computer for me?
I am sure there was an email for you.
I don't think there was an email.
-separator-
Is there anybody in the bathroom?
I don't know if there is or there is not.
I think there is somebody in there.
-separator-
Is there some aspirin in the medicine cabinet?
I am afraid there isn't any aspirin here.
I think there is some.
-separator-
Was there a nurse with her at the hospital?
Yes, there was.
But I didn't see any nurse while I was there.
-separator-
Was there a play at the theater?
I'm not sure there was.
I don't sure there was.
I don't think there was."
9,Wizard-Lesson 17-17.wma,"Conversation, lesson 17
-separator-
Are there sandwiches here?
Yes, there are. They're at the snack bar.
No, there aren't. They're all finished.
-separator-
How many channels are there on your television?
I really don't know how many channels there are. I think there are more than 20.
-separator-
How many students are there in your classroom?
I really don't know how many students there are. I think there are more than 30.
-separator-
How many pictures are there on this website?
I really don't know how many pictures there are. I think there are more than 40.
-separator-
How many books are there in the library?
I really don't know how many books there are. I think there are more than 1,000.
-separator-
How many people were there at the amusement park?
I really don't know how many people there were. I think there were more than 10,000.
-separator-
How many teenagers were there at the dance?
I really don't know how many teenagers there were. I don't think there were more than 100.
-separator-
How many customers were there at the grocery store?
I really don't know how many customers there were. I think there weren't more than 50.
-separator-
How many kids were there in class yesterday?
I really don't know how many kids there were. I think there weren't more than 40.
-separator-
How many adults were there in the concert?
I really don't know how many adults there were. I think there weren't more than 100."
10,Wizard-Lesson 18-18.wma,"Conversation  Lesson 18
-separator-
Was there a car in the parking lot?
Yes, there was. There was a car in the parking lot.
-separator-
Are there a lot of calories in this chocolate cake?
Yes, there are. There are a lot of calories in this chocolate cake.
There are a lot of calories in this chocolate cake.
There are a lot of calories in this chocolate cake.
There are a lot of calories in this chocolate cake.
There are a lot of calories in this chocolate cake?
Yes, there are. There are a lot of calories in this chocolate cake.
-separator-
Are there snacks at the cafeteria?
No, there aren't. There aren't any snacks at the cafeteria.
-separator-
Are there socks in the drawer?
No, there aren't. There aren't socks in the drawer.
-separator-
Are there many Brazilians at that university?
Yes, there are. There are many Brazilians at that university.
-separator-
Were there a lot of cars in the parking lot?
Yes, there were. There were a lot of cars in the parking lot.
-separator-
Were there many people at the airport?
No, there weren't. There weren't many people at the airport.
-separator-
Were there napkins on the table?
No, there were. There were a lot of kids at the swimming pool.
-separator-
Were there a lot of fish in the river?
Yes, there were.
-separator-
Were there a lot of children at the swimming pool?
Yes, there were.
Were there a lot of children at the swimming pool?
Yes, there were.
There were a lot of fish in the river."
11,Wizard-Lesson 19-19.wma,"Conversation  Lesson 19
-separator-
What did he save?
He saved all his money for his trip.
Did he save all his money for his trip?
Yes, he did.
-separator-
What did you do?
I ran all the way to school.
Did you run all the way to school?
Yes, I did.
-separator-
What did she do with her car?
She left her car on the street.
Did she leave her car on the street?
Yes, she did.
-separator-
How did he send the package?
He sent the package by express mail.
Did he send it by express mail?
Yes, he did.
-separator-
Where did they watch the movie?
They watched the movie at the mall.
Did they watch the movie at the mall?
Yes, they did.
-separator-
These sunglasses are from the same store.
Did they watch the movie at the mall?
Yes, they did.
These sunglasses are mine.
Are these sunglasses yours?
Yes, they are.
-separator-
This pen is hers.
Is this pen hers?
Yes, it is.
-separator-
This CD is his.
Is this CD his?
Yes, it is.
-separator-
This wallet is mine.
Is this wallet yours?
Yes, it is.
-separator-
This purse isn't mine.
Isn't this purse yours?
No, it isn't."
12,Wizard-Lesson 2-02.wma,"Wizard Book 3 Conversation
Lesson 2
-separator-
Where did she put the book?
She put the book on the nightstand.
No she didn't, she didn't put the book on the nightstand.
-separator-
When did the boys play soccer?
They played soccer in the rain.
No, they didn't. They didn't play soccer in the rain.
-separator-
When did the housekeeper do the laundry?
She did the laundry yesterday.
No, she didn't. She didn't do the laundry yesterday.
-separator-
Where did you put your school bag?
I put my school bag on the bed.
No, you didn't. You didn't put your school bag on the bed.
-separator-
Who paid for your dinner?
My parents paid for my dinner.
No, they didn't. Your parents didn't pay for your dinner.
-separator-
Who is doing the dishes right now?
The housekeeper is doing the dishes right now.
No she isn't, she is not doing the dishes right now.
-separator-
Who is putting his shoes on?
My son is putting his shoes on.
No, he isn't. He is not putting his shoes on.
-separator-
Who is having a hard time accessing the internet?
I'm having a hard time accessing the Internet.
No, you are not. You are not having a hard time accessing the Internet.
-separator-
Who ate French fries at the American restaurant?
My boys ate French fries at the American restaurant.
No, they didn't. They didn't eat French fries at the American restaurant.
-separator-
Who is paying for your English course?
My father is paying for my English course.
No, he isn't. Your father isn't paying for your English course."
13,Wizard-Lesson 20-20.wma,"Conversation, Lesson 20
-separator-
He always goes jogging with his dog.
I didn't know that he always went jogging with his dog.
Yes he does. He goes jogging every morning.
-separator-
She answers the telephone in Spanish and English.
I didn't know that she answered the telephone in Spanish and English.
Yes, she does. She speaks both languages.
-separator-
American children love peanut butter.
I didn't know that they loved peanut butter.
Yes, they do. They love peanut butter and jelly sandwiches.
Some kids take a peanut butter and jelly sandwich to school.
I didn't  know that they loved it so much.
Yes they do. They take it to school for lunch.
-separator-
I sent the pictures by email.
I didn't know that you sent them by email.
Yes, I did. I sent them by email.
-separator-
I don't know if they came. Did they come or they didn't come?
Unfortunately, they didn't come.
-separator-
I don't know if they ran. Did they run or they didn't run?
Unfortunately, they didn't run.
-separator-
I don't know if she called us. Did she call us or she didn't call us?
Unfortunately, she didn't cause.
-separator-
I don't know if he saw it. Did he see it or he didn't see it?
Unfortunately, he didn't see it.
-separator-
I don't know if they went. Unfortunately, he didn't see it.
I don't know if they went. Did they go or they didn't go?
Unfortunately, they didn't go."
14,Wizard-Lesson 21-21.wma,"Conversation  Lesson 21
-separator-
I don't know if she can stop by the cybercafe today.
Can she or she can't stop by the cybercafe today?
I think she can.
-separator-
I don't know if he can walk with us.
Can he or he can't walk with us?
I think he can.
-separator-
I don't know if she can make a dressing for the salad.
Can she or she can't make a dressing for the salad?
I think she can.
-separator-
I don't know if the maid can clean the house tomorrow morning.
Can she or she can't clean the house tomorrow morning?
I think she can't.
-separator-
I don't know if they can call us tonight.
Can they or they can't call us tonight?
I think they can.
-separator-
Could they go to the dance together?
Don't you think they could?
I think they could.
-separator-
Could she drive them to work?
Don't you think she could?
I think she could.
-separator-
Could the meeting start at 8 o'clock?
Don't you think it could start at 8?
I think it could.
-separator-
Could they lock the house for us?
Don't you think they could?
I think they could."
15,Wizard-Lesson 22-22.wma,"Lesson 22
-separator-
She can help us. 
When can she help us? 
She can help us at any time. 
-separator-
He can access the internet. 
Where can he access the internet? 
He can access it from the school computer. 
-separator-
They can pay for our lunch. 
When can they pay for our lunch? 
They can pay for it tomorrow. 
-separator-
The doctor can see her. 
When can the doctor see her? 
He can see her next week. 
-separator-
She can take our pictures. 
When can she take our pictures? 
She can take them right now. 
-separator-
We could use their car. 
When could we use it? 
I think we could use it today. 
-separator-
They could take the children to school. 
How could they take them? 
They could take them by car. 
They could live with us. 
How could they live with us? 
They could live with us in the summer. 
-separator-
It could take months. 
How could it take months? 
It could take months if it rains. 
It could work. 
How could it work? 
It could work if we had the right person."
16,Wizard-Lesson 23-23.wma,"Conversation Lesson 23
-separator-
Should we go now or later?
I think we should go now.
I think we shouldn't go.
-separator-
Should we watch the movie tonight?
I think we should.
I don't think we should.
-separator-
Should he bring his wife to the cinema?
-separator-
Should I check my email now?
I think you should.
I don't think you should.
-separator-
Should they wait for us at the airport?
I don't think you should.
I think you should.
I don't think you should.
I think you should.
I think you should.
I don't think you should.
-separator-
Should they wait for us at the airport?
I think they should.
I think they shouldn't.
-separator-
Should the secretary take notes at the meeting?
In my opinion, she should.
I don't know why, but I think she shouldn't.
-separator-
Should he arrive at the meeting early?
I think he should.
In my opinion, he must arrive at the meeting early.
-separator-
Should they work overtime?
I think they shouldn't.
In my opinion, they should.
He must work overtime if he wants to finish all his work.
I think he really should work overtime.
In my opinion, he should not work overtime.
-separator-
Should the manager be fired?
I think he should not be fired.
In my opinion, he should be fired."
17,Wizard-Lesson 24-24.wma,"Conversation  Lesson 24
-separator-
He should sleep on the couch.
Why should he sleep on the couch?
Because that is the best place we have for him.
-separator-
You should see him tomorrow.
Why should I see him tomorrow?
Because tomorrow is the best day for him.
Why should I see him tomorrow?
Because tomorrow is the best day for him.
Why should I see him tomorrow?
Because tomorrow is the best day for him.
Why should I see him tomorrow.
Why should I see him tomorrow?
Because tomorrow is the best day for you to see him.
-separator-
You should take pictures of him now.
Why should I take pictures of him now? Because this is the best time for you to take these pictures.
-separator-
She should go to the supermarket today.
Why should she go to the supermarket today?
Because today is the best day of the week to go to the supermarket.
-separator-
You should save some cake is delicious.
Life should be fun.
In your opinion, why should life be fun?
Because life is too short.
In my opinion, she should be fired.
Why should she be fired?
Because what she did is wrong.
-separator-
You must stop at the red light.
Why must I stop at the red light?
Because that is the law.
-separator-
She mustn't drive yet.
Why mustn't she drive yet?
Because she doesn't have her driver's license yet.
-separator-
They must pay their electricity bill online today?
Because today is the last day for the bill to be paid."
18,Wizard-Lesson 25-25.wma,"Conversation Lesson 25
-separator-
She will talk to the store clerk. I'm sure she will talk to him.
If she won't talk to him, who will?
-separator-
He will do a good job cleaning the attic. I'm sure he will do a good job.
If he won't do a good job, who will?
-separator-
They will arrive on time for the meeting. I'm sure they will arrive on time.
If they won't arrive on time, who will?
-separator-
Stephanie will cook a delicious meal. I am sure she will.
If she won't cook a delicious meal, who will?
-separator-
She will send us lots of emails from China. I am sure she will send us emails.
If she won't send us the emails, who will?
-separator-
I will send you some emails too. I am sure you will. Because if you won't send me any emails, who will?
-separator-
She will bring her laptop to the meeting. I am sure she will bring it. Because if she won't bring her laptop, who will?
-separator-
He will finish first. I am sure he will. Because if he won't finish first, who will?
-separator-
He will give us an answer by tomorrow. I am sure he will give us an answer. Because if he won't give us an answer, who will?"
19,Wizard-Lesson 26-26.wma,"Conversation  Lesson 26
-separator-
When will she put the papers in the printer?
I hope she will do it today.
I do too. 
-separator-
When will the doctor give him the new medicine?
We hope he will give it to him tonight.
We do too, because he really needs the medicine.
-separator-
When will I see you again?
I hope we will see each other soon.
I do too, because I love you so much.
-separator-
When will we go out for dinner again?
I hope we will go out again soon.
I do too, because we had a lot of fun.
-separator-
When will they pay us?
I hope they will pay us this week.
I do too, because we really need the money.
-separator-
When will they call us again?
I hope they will call us this morning.
I do too, because we have many questions.
-separator-
When will the plane take off?
I hope it will take off soon.
I do too because we are late for the meeting.
-separator-
When will it start?
I hope it will start now.
I do too, because soon we will have to go.
-separator-
When will the meeting finish?
I hope it will finish before 10.
I do too, because I need to take the bus at 10.
-separator-
When will we meet again?
I hope we will meet again soon.
I do too, because we had a"
20,Wizard-Lesson 27-27.wma,"Conversation Lesson 27
-separator-
She would like to go to the party with us. 
Why don't we take her? I think we should take her with us. 
-separator-
He would like to take us to the airport. 
I think we should go with him. That is a good idea. 
-separator-
My dad would like to drive you to school. 
Would you like to go with us? Yes, I would. I would love to go with you. 
-separator-
He would like to go on a date with you. 
Why should I go on a date with him? Because he's a very smart young man. 
-separator-
She would like to have your email. 
Why should I give her my email? Because she wants to send some messages to you. 
-separator-
They would like to have your cell number. 
Why should I give them my cell number? I don't think you should give them your cell number. 
-separator-
He would love to go to a dance with you. 
Why should I go with him to a dance? He's the most handsome boy in class. 
-separator-
He would like to invite us for dinner. 
Do you think we should have dinner with him? I think we should. 
-separator-
They would like to watch our kids for us. 
Do you think we should leave our kids with them? I think we should. 
-separator-
She would like to get engaged to him. 
Do you think they should get engaged? I think they should."
21,Wizard-Lesson 28-28.wma,"WIZARD Book 3 Conversation
Lesson 28
-separator-
The manager would like to see him now.
Why does the manager want to see him?
I don't know why he wants to see him.
-separator-
They would love to live in the basement.
Why would they love to live in the basement?
Why would they love to live in the basement?
Why would they love to live in the basement?
Why would they love to live in the basement?
Why would they love to live in the basement.
Why would they love to live in the basement?
Because they don't have enough money for a large apartment.
-separator-
He will be 15 years old this week.
How do you know he will be 15 this week?
Because this week is his birthday.
-separator-
They will invite you to the party.
How do you know they will invite me?
Because I saw your invitation.
-separator-
He would love to talk with you.
I don't know if I should talk to him.
Why shouldn't you?
-separator-
I would like to buy a new digital camera.
Where do you think I should go to find a good camera?
You should shop on the internet.
Where do you think I should go to find a good camera?
You should shop on the internet.
-separator-
She would like to go on a date with you.
How do you know that?
Because she told me so.
-separator-
They would like to take a walk with us.
Why don't we take them with us?
I think that is a good idea.
-separator-
They would like to use our camera to take some pictures.
When will they need it?
I think it will be for the birthday party.
-separator-
I would like to invite my friends to a soccer game.
When will the game be?
I think it will be this weekend."
22,Wizard-Lesson 29-29.wma,"Conversation, Lesson 29
-separator-
What are you going to do this weekend?
We're going to have spicy food for dinner at a Mexican restaurant.
Can I go with you?  I think it's going to snow.
I don't think it's going to snow today.
But it will snow tomorrow.
- separator -
Where are you going to check your emails?
I am going to use my friend's computer at his house.
Do you think I can go with you? 
When is he going to travel?
He will travel next year.
Do you already know where he will go?
- separator -
I'm going to see her tonight.
Where will you meet her?
I will meet her at the mall.
She is not going to answer the phone.
Why won't she answer the phone?
She doesn't want to talk to anybody.
- separator -
I think it's going to be a beautiful day outside.
Where would you like to go?
I would love to go for a walk in the park.
They're going to use the car tonight.
Where are they going?
They are going downtown.
He's going to leave in the morning.
Do you know when he will come back?
I really don't know.
- separator -
I'm going to ask the doctor about his health.
What are you going to ask the doctor?
I will ask him if he can travel or not."
23,Wizard-Lesson 3-03.wma,"Conversation
Lesson 3
-separator-
What did they do?
They waited for the rain to stop.
No, they didn't. They didn't wait for the rain to stop.
Yes, they did. They waited for the rain to stop.
-separator-
What did you learn?
I learned how to swim.
I learned how to swim.
I learned how to swim.
I learned how to swim. for the rain to stop.
-separator-
What did you learn?
I learned how to speak Spanish on the Internet.
No, you didn't. You didn't learn how to speak Spanish on the Internet.
Yes, I did. I learned how to speak Spanish on the internet.
-separator-
What did he do?
He sang Christmas songs at the party.
No, he didn't. He didn't sing Christmas songs at the party.
Yes, he did. He sang Christmas songs at the party.
-separator-
What did she do?
She waited for her friends at school.
No, she didn't. She didn't wait for her friends at school.
Yes, she did. She waited for her friends at school.
-separator-
What did she learn in 1999?
She learned to play the violin at school in 1999.
No, she didn't. She didn't learn to play the violin at school in 1999.
No, she didn't. She didn't learn to play the violin at school in 1999.
Yes, she did. She learned to play the violin at school in 1999.
-separator-
Who is very old?
My grandfather is very old.
No he is not, your grandfather is not very old.
Yes he is, my grandfather is very old.
-separator-
How old is he?
He is 21 years old.
No, he's not. He isn't 21 years old.
-separator-
How old is she?
She's 18 years old.
No, she isn't. She isn't 18 years old.
Yes, she is. She is 18 years old.
-separator-
How old are you?
I'm 35 years old.
-separator-
How old are you?
I'm 31 years old.
-separator-
How old are you?
I'm 31 years old.
-separator-
How old are you?
I'm 35 years old.
No, you're not. You are not 35 years old.
Yes, I am. I am 35 years old.
-separator-
How old are the children?
They are four years old.
No they aren't, they are not four years old.
Yes they are, the children are four years old."
24,Wizard-Lesson 30-30.wma,"Conversation Lesson 30
-separator-
She is going to use the phone in the office.
Who will she call?
I think she will call her dentist.
-separator-
They would like to look at the pictures on the website.
Should I show them these pictures on the website.
No problem, you can show them.
-separator-
He's going to wait for us.
Where should we meet him?
We should meet him in the restaurant.
-separator-
The doctor is going to see him again.
Why is he going to see him again?
He wants to be sure that he is fine.
-separator-
We're going to take a walk in the park.
Would you like to go with us?
I would love to.
-separator-
He's going to invite her to the school dance.
When will the dance be?
It will be this weekend.
-separator-
She is going on a date with my cousin.
Where will they go?
I still don't know where they will go.
-separator-
They're going to get engaged tonight.
Is anybody invited?
They didn't invite anybody.
-separator-
They are going to have a lot of fun.
What are they going to do?
They are going to dance all night long.
-separator-
You will love our next book.
Why do you think so?
Because it is full of surprises.
Why do you think so?
Because it is full of surprises."
25,Wizard-Lesson 4-04.wma,"Conversation  Lesson 4
-separator-
What did Sally play?
She played a song on her guitar.
Did she play a song on her guitar?
Yes, she did.
-separator-
How long did they wait for?
They waited for one hour for the movie to start.
Did they wait for an hour for the movie to start?
Yes, they did.
-separator-
When did your sister learn to speak Chinese?
She learned to speak Chinese in 2003?
Yes, she did.
-separator-
How much did the boss pay for the bill at the restaurant?
He paid $100 for the bill at the restaurant.
How much did the boss pay for the bill at the restaurant? He paid $100 for the bill at the restaurant? He paid a hundred dollars for the bill at the restaurant.
Did he pay a hundred dollars for the bill at the restaurant?
Yes, he did.
-separator-
Where did the children sing?
They sang in the play.
Did the children sing?
They sang in the play.
Did the children sing in the play?
Yes, they did.
-separator-
How old is your grandmother?
She is 87 years old.
Is your grandmother 87 years old?
Yes, she is.
-separator-
How old is your brother?
He is 5 years old.
Is your brother 5 years old?
Yes, he is.
-separator-
How old is the teacher?
She is 27 years old.
Is the teacher 27 years old?
Yes, she is.
-separator-
How old are you?
I am 19 years old.
Are you 19 years old?
Yes, I am.
-separator-
How old is your desktop computer?
My desktop computer is 4 years old.
Is your desktop computer 4 years old?
Yes, it is."
26,Wizard-Lesson 5-05.wma,"Conversation  Lesson 5
-separator-
He took classes at the university.
Yes, he did. He took classes last semester.
No, he didn't. He didn't take classes at the university.
-separator-
He washed all his shirts.
Yes, he did. He washed them all yesterday.
No, he didn't. He didn't wash all his shirts.
-separator-
She talked to the teacher.
Yes, she did. She talked to the teacher after class.
No, she didn't. She didn't talk to the teacher.
-separator-
He bought ice cream.
Yes, he did. He bought ice cream for dessert.
No, he didn't. He didn't buy ice cream.
-separator-
She used the laptop yesterday.
Yes, she did. She used a laptop to do the homework.
No, she didn't. She didn't use the laptop.
-separator-
He was working in the garden.
Yes, he was. He was working in the garden all afternoon.
No, he wasn't. He wasn't working in the garden.
-separator-
I was writing emails to the foreign students.
Yes, I was. I was writing emails to them about the test.
No, I wasn't. I wasn't writing emails to the foreign students.
-separator-
He was washing his car yesterday.
Yes, he was. He was washing his car at his house.
No, he wasn't. He wasn't washing his car.
-separator-
I was using my reading glasses.
Yes, I was. I was using my reading glasses to read the paper.
No, I wasn't. I wasn't using my reading glasses.
-separator-
She was eating ice cream.
Yes, she was. She was eating vanilla ice cream.
No, she wasn't. She wasn't eating ice cream."
27,Wizard-Lesson 6-06.wma,"WIZARD Book 3 Conversation
Lesson six
-separator-
Did she take an art course in college or she didn't?
I think she did.
-separator-
Did he work all day or he didn't?
I don't think he did.
-separator-
Did she finish her work or she didn't?
I don't think she did.
-separator-
Did they sing songs or they didn't?
I think they did.
-separator-
Did he wait for his aunt or he didn't?
I think he did.
-separator-
When was she washing it?
She was washing it in the morning.
-separator-
When was she cooking it?
She was cooking it for lunch.
-separator-
When was he studying?
He was studying in the evening.
-separator-
When was she using the computer?
She was using the computer after the meeting.
-separator-
When was she talking to the store manager?
She was talking to him before the meeting."
28,Wizard-Lesson 7-07.wma,"WIZARD Book 3 Conversation
Lesson 7
-separator-
They took a trip to Europe in 1998.
How did they travel?
They traveled by plane.
-separator-
I traveled to Switzerland last summer.
How did you travel to Switzerland?
I traveled by train.
-separator-
Jennifer brought many notebooks to class.
How many notebooks did she bring with her?
She brought six notebooks with her.
-separator-
I thought that she was going to the party.
Why did you think so?
Because I heard them talking about it.
-separator-
Your mother left a message for you.
Where is the message?
I saw it on the refrigerator.
-separator-
I saw her doing her English lesson.
Where was she doing her English lesson?
She was doing it in the library.
-separator-
He is thinking about buying an apartment.
Who is thinking about buying an apartment?
Tom is.
-separator-
She is traveling on a business trip.
Who is traveling?
Michelle is.
-separator-
They are leaving tomorrow.
Who is leaving?
Bill and Sam are.
-separator-
She is bringing a laptop to class.
Who is bringing a laptop?
Julie is."
29,Wizard-Lesson 8-08.wma,"Conversation. Lesson 8.
-separator-
They left the house at 6 o'clock. Why did they leave so early?
Because they had to take a flight at 8 o'clock.
-separator-
He stayed in the office until 10 o'clock last night. Why did he stay at work so late?
Because they had a long meeting.
-separator-
Do you know if there's somebody waiting outside?
Is there anybody waiting outside?
Nobody is waiting outside.
-separator-
Do you know if it's raining there?
I don't think it's raining. I think it's snowing.
-separator-
Do you know if he talked to his friend about the website?
I don't know if he talked about it. I don't think he talked about it. I don't think he talked about it.
-separator-
Do you know if she's learning to speak French?
I don't know if she's learning French. I don't think she is.
-separator-
Do you know if they access their email every day?
I don't know if they do. I don't think they do.
-separator-
Do you know if he's broke?
I don't know if he's broke or not. I think he is.
-separator-
Do you know if she's married or single?
I don't know if she's married or single. I think she's married.
-separator-
Do you think she sings in the shower?
I don't know if she sings in the shower. I think she does."
30,Wizard-Lesson 9-09.wma,"
    Conversation, Lesson 9
    -separator-
    The boy saw an empty box of crackers.
    Where did he see it?
    He saw it in the kitchen.
    -separator-
    Susan gave her grandmother a hug.
    How is your grandmother? I think she's doing well.
    -separator-
    Dan went to bed after midnight.
    Why did he go to bed so late? He had to study for a test.
    -separator-
    How old do you think she is?
    I don't know how old she is. I think she's 20 years old.
    -separator-
    As you know, he was in a big hurry.
    Why was he in a hurry? Because he had to go to the airport.
    -separator-
    As you know, he was very sick.
    How is he doing now?
    He's much better now.
    -separator-
    I didn't see you yesterday.
    Where were you yesterday?
    I was home all day long.
    -separator-
    I didn't see them in the meeting.
    Where were they?
    They stayed in the office.
    -separator-
    I didn't see her at the cybercafe.
    Where was she?
    She was at the mall.
    -separator-
    I didn't see him in the parking lot.
    Where was he?
    He was inside the store."
